"Tipus establiment","Número inscripció","Dígit de control","Rètol","Estat","Tipus de via","Nom de la via","Número","Pis","Porta","Escala","Bloc","Codi Postal","Municipi","Codi Municipi (IDESCAT)","Comarca","Codi Comarca (IDESCAT)","Província","Referència cadastral","Cèdula d'habitabilitat","Grup","Modalitat","Categoria","Unitat d'allotjament","Total places","Total estances","SSTT","Marca turística","CIF","Raó Social del titular","Nom del titular","Primer cognom","Segon cognom"
"Habitatges d'ús turístic","HUTT-012316","56","Sense especificar","Alta","Carrer","Vaixell","1",,"3","1",,"43892","Mont-roig del Camp","430923","Baix Camp","08","Tarragona",,"CHT00541816001",,,"Sense categoritzar","Allotjament sencer",,,"Tarragona","Costa Daurada","No aplica","No aplica","No aplica","No aplica","No aplica"
"Habitatges d'ús turístic","HUTB-016629","79","Sense especificar","Alta","Carretera","Argentona","12","5","2","D",,"08340","Vilassar de Mar","082191","Maresme","21","Barcelona",,,,,"Sense categoritzar","Allotjament sencer",,,"Barcelona","Costa Barcelona","No aplica","No aplica","No aplica","No aplica","No aplica"
"Habitatges d'ús turístic","HUTB-003200","91","Sense especificar","Alta","Carrer","Diputacio","335","3","1A",,,"08009","Barcelona","080193","Barcelonès","13","Barcelona",,,,,"Sense categoritzar","Allotjament sencer",,,"Barcelona","Barcelona","B65167405","APARTAMENTS POINT, SLU","No aplica","No aplica","No aplica"
"Habitatges d'ús turístic","HUTT-075708","87","Sense especificar","Alta","Carrer","Cerdanya","10","bxs","4",,,"43008","Tarragona","431482","Tarragonès","36","Tarragona","1348402CF6514G0008RQ","CHT00701023001",,,"Sense categoritzar","Allotjament sencer","5",,"Tarragona","Costa Daurada","No aplica","No aplica","No aplica","No aplica","No aplica"
"Habitatges d'ús turístic","HUTG-012888","20","Sense especificar","Alta","Carrer","Canyelles","45","2","4",,,"17480","Roses","171523","Alt Empordà","02","Girona",,,,,"Sense categoritzar","Allotjament sencer",,,"Girona","Costa Brava","No aplica","No aplica","No aplica","No aplica","No aplica"
"Habitatges d'ús turístic","HUTG-008342","68","Sense especificar","Alta","Carrer","del Fondo","9","1","25","2",,"17130","Escala, l'","170622","Alt Empordà","02","Girona","3820501EG1632S0025QB","CHG0312912001",,,"Sense categoritzar","Allotjament sencer",,,"Girona","Costa Brava","No aplica","No aplica","No aplica","No aplica","No aplica"
"Habitatges d'ús turístic","HUTG-005048","28","Sense especificar","Alta","Avinguda","Vila de Tossa","103","4","44",,,"17310","Lloret de Mar","170950","Selva","34","Girona",,,,,"Sense categoritzar","Allotjament sencer",,,"Girona","Costa Brava","No aplica","No aplica","No aplica","No aplica","No aplica"
"Habitatges d'ús turístic","HUTB-047598","93","Sense especificar","Alta","Passatge","Cooperativa","14",,,,,"08338","Premià de Dalt","082303","Maresme","21","Barcelona",,,,,"Sense categoritzar","Allotjament sencer",,,"Barcelona","Costa Barcelona","No aplica","No aplica","No aplica","No aplica","No aplica"
"Habitatges d'ús turístic","HUTT-072937","46","Sense especificar","Alta","Avinguda","dels Països Catalans","31",,,,,"43206","Reus","431233","Baix Camp","08","Tarragona",,,,,"Sense categoritzar","Allotjament sencer","8",,"Tarragona","Costa Daurada","N0431862B","GLOBAL COSMOS SL","No aplica","No aplica","No aplica"
"Habitatges d'ús turístic","HUTB-015336","94","Sense especificar","Alta","Carrer","Torres i Bages","27",,,,,"08339","Vilassar de Dalt","082140","Maresme","21","Barcelona","6772004DF4967S0001GU","CHB05365515001",,,"Sense categoritzar","Allotjament sencer","11","5","Barcelona","Costa Barcelona","No aplica","No aplica","No aplica","No aplica","No aplica"
"Habitatges d'ús turístic","HUTT-040874","68","Sense especificar","Alta","Carrer","Pep Ventura","19",,"1",,"baixa","43481","Vila-seca","431711","Tarragonès","36","Tarragona",,,,,"Sense categoritzar","Allotjament sencer",,,"Tarragona","Costa Daurada","No aplica","No aplica","No aplica","No aplica","No aplica"
"Habitatges d'ús turístic","HUTT-075126","56","Sense especificar","Alta","Carrer","del Perú","1",,,,,"43850","Cambrils","430385","Baix Camp","08","Tarragona","0387710CF4408N0001GM",,,,"Sense categoritzar","Allotjament sencer","9",,"Tarragona","Costa Daurada","No aplica","No aplica","No aplica","No aplica","No aplica"
"Habitatges d'ús turístic","HUTL-041339","93","Sense especificar","Alta","Carrer","DE SANSOR DE BALTARGA","7-1",,"4",,,"25721","Bellver de Cerdanya","250518","Cerdanya","15","Lleida",,,,,"Sense categoritzar","Allotjament sencer",,,"Lleida","Pirineus","No aplica","No aplica","No aplica","No aplica","No aplica"
"Habitatges d'ús turístic","HUTB-012968","76","Sense especificar","Alta","Carrer","Mexic","26","3","2",,,"08004","Barcelona","080193","Barcelonès","13","Barcelona",,,,,"Sense categoritzar","Allotjament sencer",,,"Barcelona","Barcelona","B58380338","TIMBEL SL","No aplica","No aplica","No aplica"
"Habitatges d'ús turístic","HUTT-005158","25","Sense especificar","Alta","Carrer","Portugal","18",,,,,"43820","Calafell","430379","Baix Penedès","12","Tarragona",,"CHT00869013001",,,"Sense categoritzar","Allotjament sencer",,,"Tarragona","Costa Daurada","No aplica","No aplica","No aplica","No aplica","No aplica"
"Habitatges d'ús turístic","HUTG-042375","7","Sense especificar","Alta","Avinguda","de Rhode","93","4","1",,,"17480","Roses","171523","Alt Empordà","02","Girona","4494016EG1749S0009ZM","CHG00180616001",,,"Sense categoritzar","Allotjament sencer",,,"Girona","Costa Brava","B17766890","ALMUKALLA SL","No aplica","No aplica","No aplica"
"Habitatges d'ús turístic","HUTB-004294","72","Sense especificar","Alta","Avinguda","Diagonal","245","1","2",,,"08013","Barcelona","080193","Barcelonès","13","Barcelona",,,,,"Sense categoritzar","Allotjament sencer","6",,"Barcelona","Barcelona","No aplica","No aplica","No aplica","No aplica","No aplica"
"Habitatges d'ús turístic","HUTB-003983","50","Sense especificar","Alta","Carrer","Balmes","295","1","1",,,"08006","Barcelona","080193","Barcelonès","13","Barcelona",,,,,"Sense categoritzar","Allotjament sencer",,,"Barcelona","Barcelona","No aplica","No aplica","No aplica","No aplica","No aplica"
"Habitatges d'ús turístic","HUTB-013990","10","Sense especificar","Alta","Passeig","Costa Brava","73","3","1",,,"08397","Pineda de Mar","081635","Maresme","21","Barcelona","2880501DG7028S0016IE","CHB02412615001",,,"Sense categoritzar","Allotjament sencer","5","3","Barcelona","Costa Barcelona","No aplica","No aplica","No aplica","No aplica","No aplica"
"Habitatges d'ús turístic","HUTG-004350","83","Sense especificar","Alta","Avinguda","Costa Brava","6","Baix","20","1",,"17258","Torroella de Montgrí","171997","Baix Empordà","10","Girona",,,,,"Sense categoritzar","Allotjament sencer",,,"Girona","Costa Brava","A87436846","EUROSIC INVESTMENT SPAIN SOCIMI, S.A.","No aplica","No aplica","No aplica"
"Habitatges d'ús turístic","HUTG-006486","37","Sense especificar","Alta","Passeig","Torre","38","Baix","1","1",,"17210","Palafrugell","171175","Baix Empordà","10","Girona",,,,,"Sense categoritzar","Allotjament sencer",,,"Girona","Costa Brava","No aplica","No aplica","No aplica","No aplica","No aplica"
"Habitatges d'ús turístic","HUTG-068185","18","Sense especificar","Alta","Carretera","Cap Sa Sal (porta 159)","28","Baix","159","B",,"17255","Begur","170139","Baix Empordà","10","Girona",,,,,"Sense categoritzar","Allotjament sencer","12",,"Girona","Costa Brava","No aplica","No aplica","No aplica","No aplica","No aplica"
"Habitatges d'ús turístic","HUTT-006855","23","Sense especificar","Alta","Avinguda","Generalitat","24","2","2",,"12","43880","Vendrell, el","431634","Baix Penedès","12","Tarragona",,,,,"Sense categoritzar","Allotjament sencer",,,"Tarragona","Costa Daurada","No aplica","No aplica","No aplica","No aplica","No aplica"
"Habitatges d'ús turístic","HUTB-003458","61","Sense especificar","Alta","Carrer","Consell de Cent","283","5","1",,,"08011","Barcelona","080193","Barcelonès","13","Barcelona",,,,,"Sense categoritzar","Allotjament sencer",,,"Barcelona","Barcelona","B66369208","BCN HOLIDAY APARTS, SL","No aplica","No aplica","No aplica"
"Habitatges d'ús turístic","HUTT-000788","64","Sense especificar","Alta","Carrer","Josep Carner","16","3","345",,,"43840","Salou","439057","Tarragonès","36","Tarragona",,,,,"Sense categoritzar","Allotjament sencer",,,"Tarragona","Costa Daurada","No aplica","No aplica","No aplica","No aplica","No aplica"
"Habitatges d'ús turístic","HUTG-001385","60","Sense especificar","Alta","Travessia","Punta Milà","8",,,,,"17130","Escala, l'","170622","Alt Empordà","02","Girona",,,,,"Sense categoritzar","Allotjament sencer",,,"Girona","Costa Brava","No aplica","No aplica","No aplica","No aplica","No aplica"
"Habitatges d'ús turístic","HUTT-062513","90","Sense especificar","Alta","Avinguda","d' Europa","4-8","Baix","1","1",,"43892","Mont-roig del Camp","430923","Baix Camp","08","Tarragona",,,,,"Sense categoritzar","Allotjament sencer","4",,"Tarragona","Costa Daurada","No aplica","No aplica","No aplica","No aplica","No aplica"
"Habitatges d'ús turístic","HUTT-013835","81","Sense especificar","Alta","Carrer","Cerdanya","21",,,,,"43008","Tarragona","431482","Tarragonès","36","Tarragona",,,,,"Sense categoritzar","Allotjament sencer",,,"Tarragona","Costa Daurada","No aplica","No aplica","No aplica","No aplica","No aplica"
"Habitatges d'ús turístic","HUTT-054012","26","Sense especificar","Alta","Grup","Gamba. Urb. L'Almadrava","1",,,,,"43890","Vandellòs i l'Hospitalet de l'Infant","431628","Baix Camp","08","Tarragona",,,,,"Sense categoritzar","Allotjament sencer",,,"Tarragona","Costa Daurada","B43345867","ARRENDAMIENTOS Y SERVICIOS LA ALMADRABA, SL","No aplica","No aplica","No aplica"
"Habitatges d'ús turístic","HUTL-039857","40","Sense especificar","Alta","Carrer","pla de la ermita","15","1","27","1",,"25528","Vall de Boí, la","250432","Alta Ribagorça","05","Lleida",,,,,"Sense categoritzar","Allotjament sencer",,,"Lleida","Pirineus","No aplica","No aplica","No aplica","No aplica","No aplica"
"Habitatges d'ús turístic","HUTG-041778","10","Sense especificar","Alta","Carrer","Joan Miro","3",,,,,"17310","Lloret de Mar","170950","Selva","34","Girona",,,,,"Sense categoritzar","Allotjament sencer",,,"Girona","Costa Brava","B17560210","QUALITY BEACH PARK HOTELS, SL","No aplica","No aplica","No aplica"
"Habitatges d'ús turístic","HUTG-004644","38","Sense especificar","Alta","Avinguda","de Roma","94","00","11","1","FESTASOL 111","17258","Torroella de Montgrí","171997","Baix Empordà","10","Girona","6154801EG1565S0013JM","CHG01217624001",,,"Sense categoritzar","Allotjament sencer",,,"Girona","Costa Brava","No aplica","No aplica","No aplica","No aplica","No aplica"
"Habitatges d'ús turístic","HUTG-051037","15","Sense especificar","Alta","Carrer","Cap Ponent","11","7","2","L",,"17480","Roses","171523","Alt Empordà","02","Girona",,,,,"Sense categoritzar","Allotjament sencer",,,"Girona","Costa Brava","No aplica","No aplica","No aplica","No aplica","No aplica"
"Habitatges d'ús turístic","HUTT-004943","72","Sense especificar","Alta","Passeig","Forti","19",,"I",,,"43893","Altafulla","430120","Tarragonès","36","Tarragona",,,,,"Sense categoritzar","Allotjament sencer",,,"Tarragona","Costa Daurada","No aplica","No aplica","No aplica","No aplica","No aplica"
"Habitatges d'ús turístic","HUTG-013386","37","Sense especificar","Alta","Passeig","Mar","5",,,,,"17320","Tossa de Mar","172023","Selva","34","Girona",,,,,"Sense categoritzar","Allotjament sencer",,,"Girona","Costa Brava","No aplica","No aplica","No aplica","No aplica","No aplica"
"Hotels","HB-004375","12","Atlas","Alta","Carrer","Cardenal Casañas","11",,,,,"08002","Barcelona","080193","Barcelonès","13","Barcelona",,"No aplica","Hotel","Hotel","3 estrelles","Habitació","36","20","Barcelona","Barcelona","B17929944","GREEN AND GREEN 2007, SL","No aplica","No aplica","No aplica"
"Habitatges d'ús turístic","HUTB-000209","96","Sense especificar","Alta","Carrer","Fluvià","109-111","6","2",,,"08020","Barcelona","080193","Barcelonès","13","Barcelona",,,,,"Sense categoritzar","Allotjament sencer",,,"Barcelona","Barcelona","B63600712","DRIS BUSINESS, SL","No aplica","No aplica","No aplica"
"Habitatges d'ús turístic","HUTTE-001942","61","Sense especificar","Alta","Carrer","Mil·liari","2","Baix","2",,,"43860","Ametlla de Mar, l'","430136","Baix Ebre","09","Tarragona",,,,,"Sense categoritzar","Allotjament sencer","4",,"Terres de l'Ebre","Terres de L'Ebre","No aplica","No aplica","No aplica","No aplica","No aplica"
"Hotels","HB-003305","34","H Top Olympic","Alta","Carrer","Benavente","s/n",,,,,"08370","Calella","080351","Maresme","21","Barcelona",,"No aplica","Hotel","Hotel","3 estrelles","Habitació","1.022","517","Barcelona","Costa Barcelona","B17528068","PROYECTO EMPRESARIAL TENA SL","No aplica","No aplica","No aplica"
"Habitatges d'ús turístic","HUTB-070051","82","holidayinalella","Alta","Avinguda","de Barcelona","32",,,,,"08328","Alella","080039","Maresme","21","Barcelona",,,,,"Sense categoritzar","Allotjament sencer","13",,"Barcelona","Costa Barcelona","No aplica","No aplica","No aplica","No aplica","No aplica"
"Habitatges d'ús turístic","HUTT-052266","6","Sense especificar","Alta","Carrer","Cella","7","2","DR","2",,"43840","Salou","439057","Tarragonès","36","Tarragona",,,,,"Sense categoritzar","Allotjament sencer",,,"Tarragona","Costa Daurada","No aplica","No aplica","No aplica","No aplica","No aplica"
"Habitatges d'ús turístic","HUTG-042716","45","Sense especificar","Alta","Carrer","Santiago de Cuba","32","2","4","1",,"17310","Lloret de Mar","170950","Selva","34","Girona",,,,,"Sense categoritzar","Allotjament sencer",,,"Girona","Costa Brava","No aplica","No aplica","No aplica","No aplica","No aplica"
"Habitatges d'ús turístic","HUTG-022840","60","Sense especificar","Alta","Urbanització","Comtat de Pals-Golf","137",,"9",,,"17256","Pals","171241","Baix Empordà","10","Girona",,,,,"Sense categoritzar","Allotjament sencer",,,"Girona","Costa Brava","No aplica","No aplica","No aplica","No aplica","No aplica"
"Habitatges d'ús turístic","HUTG-013337","43","Sense especificar","Alta","Carrer","Cossis","71-75",,"2B",,,"17130","Escala, l'","170622","Alt Empordà","02","Girona",,,,,"Sense categoritzar","Allotjament sencer",,,"Girona","Costa Brava","No aplica","No aplica","No aplica","No aplica","No aplica"
"Habitatges d'ús turístic","HUTB-066215","26","Sense especificar","Alta","Carrer","de la Riera","67","2","3",,,"08393","Caldes d'Estrac","080327","Maresme","21","Barcelona",,,,,"Sense categoritzar","Allotjament sencer","6",,"Barcelona","Costa Barcelona","No aplica","No aplica","No aplica","No aplica","No aplica"
"Habitatges d'ús turístic","HUTG-003828","81","Sense especificar","Alta","Avinguda","Grècia","20","3","8","IV","Rocamaura","17258","Torroella de Montgrí","171997","Baix Empordà","10","Girona",,,,,"Sense categoritzar","Allotjament sencer",,,"Girona","Costa Brava","No aplica","No aplica","No aplica","No aplica","No aplica"
"Habitatges d'ús turístic","HUTTE-002649","51","Sense especificar","Alta","Carrer","Llop Marí","35","Baix","1","C",,"43860","Ametlla de Mar, l'","430136","Baix Ebre","09","Tarragona",,,,,"Sense categoritzar","Allotjament sencer","4",,"Terres de l'Ebre","Terres de L'Ebre","No aplica","No aplica","No aplica","No aplica","No aplica"
"Habitatges d'ús turístic","HUTG-022299","17","Sense especificar","Alta","Carrer","Bonaire","21","1","B",,,"17130","Escala, l'","170622","Alt Empordà","02","Girona",,,,,"Sense categoritzar","Allotjament sencer",,,"Girona","Costa Brava","No aplica","No aplica","No aplica","No aplica","No aplica"
"Habitatges d'ús turístic","HUTB-015291","43","Sense especificar","Alta","Carrer","Caterina Albert i Paradís","1",,,,,"08329","Teià","082819","Maresme","21","Barcelona",,,,,"Sense categoritzar","Allotjament sencer",,,"Barcelona","Costa Barcelona","No aplica","No aplica","No aplica","No aplica","No aplica"
"Habitatges d'ús turístic","HUTB-013848","71","Sense especificar","Alta","Carrer","Murillo","31",,,,,"08397","Pineda de Mar","081635","Maresme","21","Barcelona","4591003DG7049S0001GH","CHB01800515001",,,"Sense categoritzar","Allotjament sencer","12","6","Barcelona","Costa Barcelona","No aplica","No aplica","No aplica","No aplica","No aplica"
"Habitatges d'ús turístic","HUTG-028999","5","Sense especificar","Alta","Carrer","Cap de la Gola","20","1","8","1",,"17480","Roses","171523","Alt Empordà","02","Girona",,,,,"Sense categoritzar","Allotjament sencer",,,"Girona","Costa Brava","No aplica","No aplica","No aplica","No aplica","No aplica"
"Habitatges d'ús turístic","HUTB-014451","24","Sense especificar","Alta","Carrer","Patró Josep Fabregas","2","1","6",,,"08870","Sitges","082704","Garraf","17","Barcelona",,"CHB2988909001",,,"Sense categoritzar","Allotjament sencer","2","1","Barcelona","Costa Barcelona","No aplica","No aplica","No aplica","No aplica","No aplica"
"Habitatges d'ús turístic","HUTG-025809","16","Sense especificar","Alta","Sector","Empúries C","4-5","5","D",,,"17487","Castelló d'Empúries","170470","Alt Empordà","02","Girona",,,,,"Sense categoritzar","Allotjament sencer",,,"Girona","Costa Brava","No aplica","No aplica","No aplica","No aplica","No aplica"
"Turisme rural","PG-000459","70","MAS CANTALLOPS-CROSCAT","Alta","Carretera","de Sant Marti","s/n",,,,,"17811","Santa Pau","171848","Garrotxa","19","Girona",,"No aplica","Allotjaments rurals","Masoveria","Sense categoritzar","Allotjament sencer","8","4","Girona","Pirineus","B60866613","MANAU PLUS SL","No aplica","No aplica","No aplica"
"Habitatges d'ús turístic","HUTG-023405","61","Sense especificar","Alta","Carrer","Puig Montcal","3",,"6",,,"17255","Begur","170139","Baix Empordà","10","Girona",,,,,"Sense categoritzar","Allotjament sencer",,,"Girona","Costa Brava","No aplica","No aplica","No aplica","No aplica","No aplica"
"Habitatges d'ús turístic","HUTT-007131","56","Sense especificar","Alta","Avinguda","Batlle Pere Molas","10","Baix","4",,"D","43840","Salou","439057","Tarragonès","36","Tarragona",,,,,"Sense categoritzar","Allotjament sencer",,,"Tarragona","Costa Daurada","B61561346","99 LOF SL","No aplica","No aplica","No aplica"
"Habitatges d'ús turístic","HUTG-011295","25","Sense especificar","Alta","Carrer","Roncadora","47",,,,,"17212","Palafrugell","171175","Baix Empordà","10","Girona",,,,,"Sense categoritzar","Allotjament sencer","8","4","Girona","Costa Brava","No aplica","No aplica","No aplica","No aplica","No aplica"
"Hotels","HB-003981","10","Ciutat de Granollers","Alta","Carrer","Turó d'en Bruguet","2",,,,,"08402","Granollers","080961","Vallès Oriental","41","Barcelona",,"No aplica","Hotel","Hotel","4 estrelles","Habitació","218","111","Barcelona","Costa Barcelona","B59381194","FONDESE, SL","No aplica","No aplica","No aplica"
"Habitatges d'ús turístic","HUTB-006016","31","Sense especificar","Alta","Carrer","Arago","288","4","1",,,"08009","Barcelona","080193","Barcelonès","13","Barcelona",,,,,"Sense categoritzar","Allotjament sencer",,,"Barcelona","Barcelona","No aplica","No aplica","No aplica","No aplica","No aplica"
"Habitatges d'ús turístic","HUTT-069707","38","Sense especificar","Alta","Carrer","de Blasco Ibáñez","1",,,,,"43880","Vendrell, el","431634","Baix Penedès","12","Tarragona",,,,,"Sense categoritzar","Allotjament sencer","8",,"Tarragona","Costa Daurada","No aplica","No aplica","No aplica","No aplica","No aplica"
"Habitatges d'ús turístic","HUTG-054369","0","Sense especificar","Alta","Carrer","Lliris","2","B","2","1",,"17250","Castell d'Aro, Platja d'Aro i s'Agaró","170486","Baix Empordà","10","Girona",,,,,"Sense categoritzar","Allotjament sencer",,,"Girona","Costa Brava","No aplica","No aplica","No aplica","No aplica","No aplica"
"Habitatges d'ús turístic","HUTL-000181","52","Sense especificar","Alta","Carrer","Sant Antoni","10-14","Baix","1",,,"25720","Bellver de Cerdanya","250518","Cerdanya","15","Lleida",,,,,"Sense categoritzar","Allotjament sencer","4",,"Lleida","Pirineus","No aplica","No aplica","No aplica","No aplica","No aplica"
"Habitatges d'ús turístic","HUTB-033680","54","Sense especificar","Alta","Carrer","Josep Llimona Bruguera","16","2","1",,,"08350","Arenys de Mar","080060","Maresme","21","Barcelona",,,,,"Sense categoritzar","Allotjament sencer",,,"Barcelona","Costa Barcelona","No aplica","No aplica","No aplica","No aplica","No aplica"
"Habitatges d'ús turístic","HUTG-028808","14","Sense especificar","Alta","Carrer","Gomà","12",,"5",,,"17528","Guils de Cerdanya","170828","Cerdanya","15","Girona",,,,,"Sense categoritzar","Allotjament sencer",,,"Lleida","Pirineus","No aplica","No aplica","No aplica","No aplica","No aplica"
"Habitatges d'ús turístic","HUTB-011725","11","Sense especificar","Alta","Carrer","Casanovas","4",,,,,"08495","Fogars de la Selva","080826","Selva","34","Barcelona",,,,,"Sense categoritzar","Allotjament sencer",,,"Girona","Costa Brava","No aplica","No aplica","No aplica","No aplica","No aplica"
"Habitatges d'ús turístic","HUTL-066616","71","Sense especificar","Alta","Carrer","de l' Església","3","2","3",,,"25587","Alt Àneu","250241","Pallars Sobirà","26","Lleida",,,,,"Sense categoritzar","Allotjament sencer","6",,"Lleida","Pirineus","B25770579","CLUB VIP BAQUEIRA-PALLARS SL","No aplica","No aplica","No aplica"
"Habitatges d'ús turístic","HUTG-015689","7","Sense especificar","Alta","Carretera","Platja del Racó","54",,,,,"17255","Begur","170139","Baix Empordà","10","Girona",,,,,"Sense categoritzar","Allotjament sencer",,,"Girona","Costa Brava","No aplica","No aplica","No aplica","No aplica","No aplica"
"Llars compartides","LLB-000515","92","AVENIDA EUROPA","Alta","Avinguda","d' Europa","163","2","1",,,"08907","Hospitalet de Llobregat, l'","081017","Barcelonès","13","Barcelona","5888605DF2758H0033MH","CHB03284423001",,,"Sense categoritzar","Habitació","2","1","Barcelona","Barcelona","No aplica","No aplica","No aplica","No aplica","No aplica"
"Habitatges d'ús turístic","HUTT-010769","86","Sense especificar","Alta","Carrer","Riu Brugent","13","2","C","1",,"43850","Cambrils","430385","Baix Camp","08","Tarragona",,"CHT0109607008",,,"Sense categoritzar","Allotjament sencer",,,"Tarragona","Costa Daurada","No aplica","No aplica","No aplica","No aplica","No aplica"
"Habitatges d'ús turístic","HUTT-009335","3","Sense especificar","Alta","Avinguda","Diagonal","23","pral","1","A",,"43880","Vendrell, el","431634","Baix Penedès","12","Tarragona",,,,,"Sense categoritzar","Allotjament sencer",,,"Tarragona","Costa Daurada","No aplica","No aplica","No aplica","No aplica","No aplica"
"Habitatges d'ús turístic","HUTG-026228","53","Sense especificar","Alta","Pujada","Puig Rom","58",,,,,"17480","Roses","171523","Alt Empordà","02","Girona",,,,,"Sense categoritzar","Allotjament sencer",,,"Girona","Costa Brava","No aplica","No aplica","No aplica","No aplica","No aplica"
"Habitatges d'ús turístic","HUTT-003143","47","Sense especificar","Alta","Camí","Pasquales","1","3","3","A","C","43840","Salou","439057","Tarragonès","36","Tarragona",,,,,"Sense categoritzar","Allotjament sencer",,,"Tarragona","Costa Daurada","B61706107","INVERSIONES IBERICAS ALORQUE, SL","No aplica","No aplica","No aplica"
"Habitatges d'ús turístic","HUTG-000395","95","Girona Centre","Alta","Rambla","Llibertat","43","3","C",,,"17004","Girona","170792","Gironès","20","Girona",,,,,"Sense categoritzar","Allotjament sencer",,,"Girona","Costa Brava","E55004246","GAMELL-BAONE, CB","No aplica","No aplica","No aplica"
"Habitatges d'ús turístic","HUTT-056040","94","Sense especificar","Alta","Passeig","Marítim","23","2","8","4",,"43892","Mont-roig del Camp","430923","Baix Camp","08","Tarragona",,,,,"Sense categoritzar","Allotjament sencer",,,"Tarragona","Costa Daurada","B10758845","MONCH700 SOCIEDAD LIMITADA","No aplica","No aplica","No aplica"
"Habitatges d'ús turístic","HUTB-010092","84","Sense especificar","Alta","Avinguda","Coll del Portell","57","Àtic","2",,,"08024","Barcelona","080193","Barcelonès","13","Barcelona",,,,,"Sense categoritzar","Allotjament sencer",,,"Barcelona","Barcelona","E64867153","ROSER CASTELLVI Y ROSARIO SANTIAGOSA, CB","No aplica","No aplica","No aplica"
"Habitatges d'ús turístic","HUTB-006411","40","Sense especificar","Alta","Carrer","Miquel Ribas i Llopis","1","3","2","1",,"08870","Sitges","082704","Garraf","17","Barcelona","9861027CF9696S0036QF","CHB07458825001",,,"Sense categoritzar","Allotjament sencer",,,"Barcelona","Costa Barcelona","No aplica","No aplica","No aplica","No aplica","No aplica"
"Habitatges d'ús turístic","HUTT-032114","90","Sense especificar","Alta","Carrer","Pompeu Fabra","28","5","E",,"4","43840","Salou","439057","Tarragonès","36","Tarragona",,,,,"Sense categoritzar","Allotjament sencer",,,"Tarragona","Costa Daurada","No aplica","No aplica","No aplica","No aplica","No aplica"
"Habitatges d'ús turístic","HUTG-005749","27","Sense especificar","Alta","Sector","Llobregat","47",,"B",,,"17487","Castelló d'Empúries","170470","Alt Empordà","02","Girona",,,,,"Sense categoritzar","Allotjament sencer",,,"Girona","Costa Brava","No aplica","No aplica","No aplica","No aplica","No aplica"
"Habitatges d'ús turístic","HUTTE-041546","73","Sense especificar","Alta","Avinguda","MONTSIÀ MAR","2","Baix",,"Baix A",,"43530","Alcanar","430043","Montsià","22","Tarragona",,,,,"Sense categoritzar","Allotjament sencer",,,"Terres de l'Ebre","Terres de L'Ebre","No aplica","No aplica","No aplica","No aplica","No aplica"
"Habitatges d'ús turístic","HUTG-015108","14","Sense especificar","Alta","Carretera","Port de la Selva","24","B","D",,,"17490","Llançà","170926","Alt Empordà","02","Girona",,,,,"Sense categoritzar","Allotjament sencer",,,"Girona","Costa Brava","No aplica","No aplica","No aplica","No aplica","No aplica"
"Habitatges d'ús turístic","HUTB-011868","8","Sense especificar","Alta","Carrer","Mar de Juny","26",,,,,"08396","Sant Cebrià de Vallalta","082037","Maresme","21","Barcelona",,"CHB1687906001",,,"Sense categoritzar","Allotjament sencer","11","4","Barcelona","Costa Barcelona","No aplica","No aplica","No aplica","No aplica","No aplica"
"Turisme rural","PL-000752","27","MOLÍ DE TARTAREU","Alta","Camí","de tartareu, afores","s/n",,,,,"25611","Avellanes i Santa Linya, les","250371","Noguera","23","Lleida",,"No aplica","Allotjaments rurals","Masia","Sense categoritzar","Habitació","15","6","Lleida","Terres de Lleida","No aplica","No aplica","Manuel","Pando","Fernandez"
"Habitatges d'ús turístic","HUTG-006508","25","Sense especificar","Alta","Carrer","Consolat del Mar","12","1","3","1",,"17210","Palafrugell","171175","Baix Empordà","10","Girona",,,,,"Sense categoritzar","Allotjament sencer",,,"Girona","Costa Brava","No aplica","No aplica","No aplica","No aplica","No aplica"
"Habitatges d'ús turístic","HUTB-015110","10","Sense especificar","Alta","Avinguda","Maresme","19","2","4",,,"08360","Canet de Mar","080403","Maresme","21","Barcelona",,,,,"Sense categoritzar","Allotjament sencer",,,"Barcelona","Costa Barcelona","No aplica","No aplica","No aplica","No aplica","No aplica"
"Habitatges d'ús turístic","HUTG-029028","4","Sense especificar","Alta","Carrer","Policlet","8","3","1",,,"17480","Roses","171523","Alt Empordà","02","Girona",,,,,"Sense categoritzar","Allotjament sencer",,,"Girona","Costa Brava","No aplica","No aplica","No aplica","No aplica","No aplica"
"Habitatges d'ús turístic","HUTG-013355","10","Sense especificar","Alta","Carrer","Santa Llúcia (Casavells)","15",,,,,"17121","Corçà","170577","Baix Empordà","10","Girona",,,,,"Sense categoritzar","Allotjament sencer",,,"Girona","Costa Brava","No aplica","No aplica","No aplica","No aplica","No aplica"
"Habitatges d'ús turístic","HUTG-052411","2","Sense especificar","Alta","Carrer","Jaume Pons i Martí","22","3","C",,,"17004","Girona","170792","Gironès","20","Girona",,,,,"Sense categoritzar","Allotjament sencer",,,"Girona","Costa Brava","No aplica","No aplica","No aplica","No aplica","No aplica"
"Habitatges d'ús turístic","HUTT-011778","44","Sense especificar","Alta","Carrer","Monestir de Poblet","7","Baix","29","1",,"43481","Vila-seca","431711","Tarragonès","36","Tarragona",,,,,"Sense categoritzar","Allotjament sencer",,,"Tarragona","Costa Daurada","No aplica","No aplica","No aplica","No aplica","No aplica"
"Llars compartides","LLG-000051","33","CHG00050918001","Alta","Plaça","Venècia","3","4","1",,,"17310","Lloret de Mar","170950","Selva","34","Girona","7867101DG8176N0013LK","CHG00050918001",,,"Sense categoritzar","Habitació","4","2","Girona","Costa Brava","No aplica","No aplica","No aplica","No aplica","No aplica"
"Habitatges d'ús turístic","HUTG-026710","89","Sense especificar","Alta","Urbanització","Sa Punta","145",,,,,"17256","Pals","171241","Baix Empordà","10","Girona",,,,,"Sense categoritzar","Allotjament sencer",,,"Girona","Costa Brava","No aplica","No aplica","No aplica","No aplica","No aplica"
"Habitatges d'ús turístic","HUTB-072581","75","Sense especificar","Alta","Carrer","de Premià de Mar","14",,,,,"08880","Cubelles","080749","Garraf","17","Barcelona",,,,,"Sense categoritzar","Allotjament sencer","5",,"Barcelona","Costa Barcelona","No aplica","No aplica","No aplica","No aplica","No aplica"
"Habitatges d'ús turístic","HUTG-027539","86","Sense especificar","Alta","Avinguda","Mediterrani","13",,,,,"17230","Palamós","171181","Baix Empordà","10","Girona",,,,,"Sense categoritzar","Allotjament sencer",,,"Girona","Costa Brava","No aplica","No aplica","No aplica","No aplica","No aplica"
"Habitatges d'ús turístic","HUTG-025238","11","Sense especificar","Alta","Urbanització","Vall Repòs","159",,,,,"17246","Santa Cristina d'Aro","171812","Baix Empordà","10","Girona",,,,,"Sense categoritzar","Allotjament sencer",,,"Girona","Costa Brava","No aplica","No aplica","No aplica","No aplica","No aplica"
"Habitatges d'ús turístic","HUTG-002973","1","Sense especificar","Alta","Carrer","Pinedes","22",,,,,"17130","Escala, l'","170622","Alt Empordà","02","Girona",,,,,"Sense categoritzar","Allotjament sencer",,,"Girona","Costa Brava","No aplica","No aplica","No aplica","No aplica","No aplica"
"Habitatges d'ús turístic","HUTT-037339","86","Sense especificar","Alta","Carrer","B","3","3","1","1",,"43840","Salou","439057","Tarragonès","36","Tarragona",,,,,"Sense categoritzar","Allotjament sencer",,,"Tarragona","Costa Daurada","B43526482","CATALUNYA CONSMICA, SL","No aplica","No aplica","No aplica"
"Habitatges d'ús turístic","HUTG-011657","31","Sense especificar","Alta","Carrer","Jeroni Pau","27-31",,,,,"17480","Roses","171523","Alt Empordà","02","Girona",,,,,"Sense categoritzar","Allotjament sencer",,,"Girona","Costa Brava","No aplica","No aplica","No aplica","No aplica","No aplica"
"Habitatges d'ús turístic","HUTT-054347","49","Sense especificar","Alta","Carrer","Josep Lluis Sert","17","Baix","2","1",,"43850","Cambrils","430385","Baix Camp","08","Tarragona",,,,,"Sense categoritzar","Allotjament sencer",,,"Tarragona","Costa Daurada","No aplica","No aplica","No aplica","No aplica","No aplica"
"Habitatges d'ús turístic","HUTT-045025","79","Sense especificar","Alta","Carrer","Valls","17","2","D","B",,"43840","Salou","439057","Tarragonès","36","Tarragona",,,,,"Sense categoritzar","Allotjament sencer",,,"Tarragona","Costa Daurada","No aplica","No aplica","No aplica","No aplica","No aplica"
"Habitatges d'ús turístic","HUTT-013573","17","Sense especificar","Alta","Carrer","Xops","10",,"1","4",,"43300","Mont-roig del Camp","430923","Baix Camp","08","Tarragona",,,,,"Sense categoritzar","Allotjament sencer",,,"Tarragona","Costa Daurada","No aplica","No aplica","No aplica","No aplica","No aplica"
"Habitatges d'ús turístic","HUTB-010369","30","Sense especificar","Alta","Carrer","RADAS","61","PR","2",,,"08004","Barcelona","080193","Barcelonès","13","Barcelona",,,,,"Sense categoritzar","Allotjament sencer",,,"Barcelona","Barcelona","No aplica","No aplica","No aplica","No aplica","No aplica"
"Habitatges d'ús turístic","HUTT-007914","43","Sense especificar","Alta","Carrer","Vendrell","14",,"16",,,"43840","Salou","439057","Tarragonès","36","Tarragona",,,,,"Sense categoritzar","Allotjament sencer",,,"Tarragona","Costa Daurada","No aplica","No aplica","No aplica","No aplica","No aplica"
"Habitatges d'ús turístic","HUTT-011679","19","Sense especificar","Alta","Carrer","Muga","8","AS","A2","C",,"43300","Mont-roig del Camp","430923","Baix Camp","08","Tarragona",,,,,"Sense categoritzar","Allotjament sencer",,,"Tarragona","Costa Daurada","No aplica","No aplica","No aplica","No aplica","No aplica"
"Habitatges d'ús turístic","HUTB-076702","48","Sense especificar","Alta","Carrer","FERNANDO POO","29","BJ",,,,"08005","Barcelona","080193","Barcelonès","13","Barcelona","NC","NC",,,"Sense categoritzar","Allotjament sencer","1",,"Barcelona","Barcelona","B63719439","MARLAND 2005, SL","No aplica","No aplica","No aplica"
"Habitatges d'ús turístic","HUTG-079597","40","Sense especificar","Alta","Carrer","PUIG DEL PERDIGOLET","53",,,,,"17240","Llagostera","170890","Gironès","20","Girona","2747702DG9224N0001IK","CHG01459025001",,,"Sense categoritzar","Allotjament sencer","6",,"Girona","Costa Brava","No aplica","No aplica","No aplica","No aplica","No aplica"
"Habitatges d'ús turístic","HUTT-069427","76","Sense especificar","Alta","Carrer","RIU BRUGENT","11","1","B","5",,"43850","Cambrils","430385","Baix Camp","08","Tarragona",,,,,"Sense categoritzar","Allotjament sencer","2",,"Tarragona","Costa Daurada","No aplica","No aplica","No aplica","No aplica","No aplica"
"Habitatges d'ús turístic","HUTG-008330","19","Sense especificar","Alta","Urbanització","Cala Morisca","42",,,,,"17320","Tossa de Mar","172023","Selva","34","Girona",,,,,"Sense categoritzar","Allotjament sencer",,,"Girona","Costa Brava","No aplica","No aplica","No aplica","No aplica","No aplica"
"Habitatges d'ús turístic","HUTB-072879","20","Sense especificar","Alta","Carrer","BALMES","327-329","PR","4",,,"08006","Barcelona","080193","Barcelonès","13","Barcelona",,,,,"Sense categoritzar","Allotjament sencer","1",,"Barcelona","Barcelona","B08109563","INMOBILIARIA GALLARDO SL","No aplica","No aplica","No aplica"
"Habitatges d'ús turístic","HUTG-055246","54","Sense especificar","Alta","Carrer","Balears","1",,,,,"17210","Palafrugell","171175","Baix Empordà","10","Girona",,,,,"Sense categoritzar","Allotjament sencer",,,"Girona","Costa Brava","No aplica","No aplica","No aplica","No aplica","No aplica"
"Habitatges d'ús turístic","HUTG-028936","94","Sense especificar","Alta","Avinguda","Politur","17","Baix","8","B",,"17250","Castell d'Aro, Platja d'Aro i s'Agaró","170486","Baix Empordà","10","Girona",,,,,"Sense categoritzar","Allotjament sencer",,,"Girona","Costa Brava","No aplica","No aplica","No aplica","No aplica","No aplica"
"Habitatges d'ús turístic","HUTG-012116","50","Sense especificar","Alta","Carrer","Pinsá","155",,,,,"17257","Torroella de Montgrí","171997","Baix Empordà","10","Girona","5908201EG1550N0013FK","CHG00500413001",,,"Sense categoritzar","Allotjament sencer","4","2","Girona","Costa Brava","No aplica","No aplica","No aplica","No aplica","No aplica"
"Habitatges d'ús turístic","HUTT-012396","88","Sense especificar","Alta","Carrer","Baix Llobregat","22","Baix",,,,"43008","Tarragona","431482","Tarragonès","36","Tarragona",,"CHT00305812001",,,"Sense categoritzar","Allotjament sencer",,,"Tarragona","Costa Daurada","No aplica","No aplica","No aplica","No aplica","No aplica"
"Habitatges d'ús turístic","HUTT-046998","96","Sense especificar","Alta","Carrer","Pintor Huguet","13","2","1","3",,"43883","Roda de Berà","431310","Tarragonès","36","Tarragona",,,,,"Sense categoritzar","Allotjament sencer",,,"Tarragona","Costa Daurada","No aplica","No aplica","No aplica","No aplica","No aplica"
"Habitatges d'ús turístic","HUTT-000185","42","Sense especificar","Alta","Carrer","Llorenç de Vilallonga","2","1","3",,,"43820","Calafell","430379","Baix Penedès","12","Tarragona",,,,,"Sense categoritzar","Allotjament sencer",,,"Tarragona","Costa Daurada","B43626647","BIGUETES SOLE, SL","No aplica","No aplica","No aplica"
"Habitatges d'ús turístic","HUTG-004499","72","Sense especificar","Alta","Carretera","Palamos","244-264","4","203",,,"17220","Sant Feliu de Guíxols","171609","Baix Empordà","10","Girona",,,,,"Sense categoritzar","Allotjament sencer",,,"Girona","Costa Brava","No aplica","No aplica","No aplica","No aplica","No aplica"
"Habitatges d'ús turístic","HUTT-045423","8","Sense especificar","Alta","Carrer","Melies Porta 1.3","19",,"1","A",,"43300","Mont-roig del Camp","430923","Baix Camp","08","Tarragona",,,,,"Sense categoritzar","Allotjament sencer",,,"Tarragona","Costa Daurada","No aplica","No aplica","No aplica","No aplica","No aplica"
"Habitatges d'ús turístic","HUTG-020464","12","Sense especificar","Alta","Avinguda","Nautilus","24","Baix","27",,,"17480","Roses","171523","Alt Empordà","02","Girona",,,,,"Sense categoritzar","Allotjament sencer",,,"Girona","Costa Brava","No aplica","No aplica","No aplica","No aplica","No aplica"
"Turisme rural","PCC-000747","64","Les Feixes de Coaner","Alta","Carretera","Valls  Torroella-Salo","KM 4",,,,,"08269","Sant Mateu de Bages","082299","Bages","07","Barcelona",,"No aplica","Allotjaments rurals","Masoveria","3 Espigues","Allotjament sencer","11","4","Catalunya Central","Paisatges Barcelona","No aplica","No aplica","Joan","Serra","Peris"
"Habitatges d'ús turístic","HUTTE-003381","51","Sense especificar","Alta","Carrer","Fundadors","119","3","1",,,"43540","Ràpita, la","431362","Montsià","22","Tarragona",,,,,"Sense categoritzar","Allotjament sencer",,,"Terres de l'Ebre","Terres de L'Ebre","No aplica","No aplica","No aplica","No aplica","No aplica"
"Habitatges d'ús turístic","HUTTE-049484","85","Sense especificar","Alta","Carrer","Montagut (urb. 3 Cales)","191-A",,"1",,,"43860","Ametlla de Mar, l'","430136","Baix Ebre","09","Tarragona",,,,,"Sense categoritzar","Allotjament sencer",,,"Terres de l'Ebre","Terres de L'Ebre","No aplica","No aplica","No aplica","No aplica","No aplica"
"Habitatges d'ús turístic","HUTB-007961","69","Sense especificar","Alta","Carrer","Pirineus","18",,"B",,,"08398","Santa Susanna","082613","Maresme","21","Barcelona",,"CHB3209511001",,,"Sense categoritzar","Allotjament sencer","11","4","Barcelona","Costa Barcelona","B62392972","REFORMAS Y CONSTRUCCIONES PUIG, SL","No aplica","No aplica","No aplica"
"Habitatges d'ús turístic","HUTG-005906","81","Sense especificar","Alta","Carrer","Eivissa","1","3","2","B",,"17300","Blanes","170237","Selva","34","Girona",,,,,"Sense categoritzar","Allotjament sencer",,,"Girona","Costa Brava","No aplica","No aplica","No aplica","No aplica","No aplica"
"Hotels","HL-000205","79","Fasersia","Alta","Carrer","Major","4",,,,,"25500","Pobla de Segur, la","251713","Pallars Jussà","25","Lleida",,"No aplica","Hostal o pensió","No aplica","No aplica","Habitació","33","19","Lleida","Pirineus","B25673807","GORDO TURCH SL","No aplica","No aplica","No aplica"
"Habitatges d'ús turístic","HUTB-004342","4","Sense especificar","Alta","Carrer","Ganduxer","50","5","3",,,"08021","Barcelona","080193","Barcelonès","13","Barcelona",,,,,"Sense categoritzar","Allotjament sencer","6",,"Barcelona","Barcelona","A08285561","APARTAMENTOS GANDUXER SA","No aplica","No aplica","No aplica"
"Hotels","HB-002357","14","Hostal Lesseps","Alta","Carrer","Gran de Gràcia","239",,,,,"08012","Barcelona","080193","Barcelonès","13","Barcelona",,"No aplica","Hostal o pensió","No aplica","No aplica","Habitació","25","15","Barcelona","Barcelona","No aplica","No aplica","Prudencio","Fernández","Macías"
"Habitatges d'ús turístic","HUTG-019113","17","Sense especificar","Alta","Carrer","Gregal","7","2","3",,"Marhoy","17230","Palamós","171181","Baix Empordà","10","Girona",,,,,"Sense categoritzar","Allotjament sencer",,,"Girona","Costa Brava","No aplica","No aplica","No aplica","No aplica","No aplica"
"Habitatges d'ús turístic","HUTG-035538","81","Sense especificar","Alta","Urbanització","Golf Costa Brava","278-B",,,,,"17246","Santa Cristina d'Aro","171812","Baix Empordà","10","Girona",,,,,"Sense categoritzar","Allotjament sencer",,,"Girona","Costa Brava","No aplica","No aplica","No aplica","No aplica","No aplica"
"Habitatges d'ús turístic","HUTG-011770","72","Sense especificar","Alta","Carrer","Mitjorn","3","3","1",,,"17252","Calonge i Sant Antoni","170340","Baix Empordà","10","Girona",,,,,"Sense categoritzar","Allotjament sencer",,,"Girona","Costa Brava","No aplica","No aplica","No aplica","No aplica","No aplica"
"Habitatges d'ús turístic","HUTB-009512","56","Madanis","Alta","Carrer","Riera Blanca","14","7","3","I",,"08903","Hospitalet de Llobregat, l'","081017","Barcelonès","13","Barcelona",,,,,"Sense categoritzar","Allotjament sencer",,,"Barcelona","Barcelona","B62461256","COLLBLANC SEGLE XXI, S.L.","No aplica","No aplica","No aplica"
"Habitatges d'ús turístic","HUTG-003194","72","Sense especificar","Alta","Sector","Alberes","191 B",,"C",,,"17487","Castelló d'Empúries","170470","Alt Empordà","02","Girona",,,,,"Sense categoritzar","Allotjament sencer",,,"Girona","Costa Brava","No aplica","No aplica","No aplica","No aplica","No aplica"
"Habitatges d'ús turístic","HUTT-001657","32","Sense especificar","Alta","Avinguda","Sant Joan de Deu","4","3",,,,"43880","Vendrell, el","431634","Baix Penedès","12","Tarragona",,,,,"Sense categoritzar","Allotjament sencer",,,"Tarragona","Costa Daurada","A58193368","Hamlet, S.A","No aplica","No aplica","No aplica"
"Habitatges d'ús turístic","HUTT-063359","67","Sense especificar","Alta","Carrer","dels Costers","0",,"11","3A",,"43300","Mont-roig del Camp","430923","Baix Camp","08","Tarragona",,,,,"Sense categoritzar","Allotjament sencer","6",,"Tarragona","Costa Daurada","B64444524","TERRASSA IMMOBLES XXV S.L.","No aplica","No aplica","No aplica"
"Habitatges d'ús turístic","HUTG-018984","75","Sense especificar","Alta","Carrer","Pau Vila","21",,,,,"17480","Roses","171523","Alt Empordà","02","Girona",,,,,"Sense categoritzar","Allotjament sencer",,,"Girona","Costa Brava","No aplica","No aplica","No aplica","No aplica","No aplica"
"Habitatges d'ús turístic","HUTG-003425","43","Sense especificar","Alta","Ronda","Europa","1-3","2","4",,,"17310","Lloret de Mar","170950","Selva","34","Girona",,,,,"Sense categoritzar","Allotjament sencer",,,"Girona","Costa Brava","B17415027","JOCRIJO, SL","No aplica","No aplica","No aplica"
"Habitatges d'ús turístic","HUTT-014647","64","Sense especificar","Alta","Carrer","Cala Crancs","20",,,,,"43840","Salou","439057","Tarragonès","36","Tarragona",,,,,"Sense categoritzar","Allotjament sencer",,,"Tarragona","Costa Daurada","B43611078","ROCACIMA, SL","No aplica","No aplica","No aplica"
"Habitatges d'ús turístic","HUTG-066270","44","Sense especificar","Alta","Carrer","sant maurici E","2016",,"2","1",,"17487","Castelló d'Empúries","170470","Alt Empordà","02","Girona",,,,,"Sense categoritzar","Allotjament sencer",,,"Girona","Costa Brava","No aplica","No aplica","No aplica","No aplica","No aplica"
"Habitatges d'ús turístic","HUTG-033678","81","Sense especificar","Alta","Carrer","Garrotxa (porta 404)","21",,"404",,,"17258","Torroella de Montgrí","171997","Baix Empordà","10","Girona",,,,,"Sense categoritzar","Allotjament sencer",,,"Girona","Costa Brava","No aplica","No aplica","No aplica","No aplica","No aplica"
"Habitatges d'ús turístic","HUTT-012821","40","Sense especificar","Alta","Avinguda","Diputació","75",,"52","5",,"43850","Cambrils","430385","Baix Camp","08","Tarragona",,"CHT00575616001",,,"Sense categoritzar","Allotjament sencer",,,"Tarragona","Costa Daurada","No aplica","No aplica","No aplica","No aplica","No aplica"
"Habitatges d'ús turístic","HUTG-054215","60","Sense especificar","Alta","Rambla","Rambla","32","3","4",,,"17600","Figueres","170669","Alt Empordà","02","Girona",,,,,"Sense categoritzar","Allotjament sencer",,,"Girona","Costa Brava","B17253709","OPEN SUITE SL","No aplica","No aplica","No aplica"
"Habitatges d'ús turístic","HUTB-051581","29","Sense especificar","Alta","Carrer","Consolat de Mar","16 B","1","6A",,,"08397","Pineda de Mar","081635","Maresme","21","Barcelona",,,,,"Sense categoritzar","Allotjament sencer",,,"Barcelona","Costa Barcelona","No aplica","No aplica","No aplica","No aplica","No aplica"
"Habitatges d'ús turístic","HUTG-011350","91","Sense especificar","Alta","Carrer","Antic Major","25","2",,,,"17867","Camprodon","170391","Ripollès","31","Girona",,,,,"Sense categoritzar","Allotjament sencer",,,"Girona","Pirineus","No aplica","No aplica","No aplica","No aplica","No aplica"
"Habitatges d'ús turístic","HUTB-047720","68","Sense especificar","Alta","Passeig","FABRA I PUIG","192","1","2",,,"08016","Barcelona","080193","Barcelonès","13","Barcelona",,,,,"Sense categoritzar","Allotjament sencer",,,"Barcelona","Barcelona","No aplica","No aplica","No aplica","No aplica","No aplica"
"Habitatges d'ús turístic","HUTG-008603","26","Sense especificar","Alta","Carrer","Faner","13","Baix","4",,,"17490","Llançà","170926","Alt Empordà","02","Girona",,,,,"Sense categoritzar","Allotjament sencer",,,"Girona","Costa Brava","B17801655","OLMAS OLOT SL","No aplica","No aplica","No aplica"
"Habitatges d'ús turístic","HUTT-078438","84","Sense especificar","Alta","Avinguda","de Tarragona","55","Baixos","2",,,"43881","Cunit","430516","Baix Penedès","12","Tarragona","4511707CF8641S0002UP","10931",,,"Sense categoritzar","Allotjament sencer","2",,"Tarragona","Costa Daurada","No aplica","No aplica","No aplica","No aplica","No aplica"
"Habitatges d'ús turístic","HUTT-000804","29","Sense especificar","Alta","Passeig","Maritim Sant Joan de Deu","204-205","4","2",,,"43882","Calafell","430379","Baix Penedès","12","Tarragona",,"CHT00236013001",,,"Sense categoritzar","Allotjament sencer",,,"Tarragona","Costa Daurada","No aplica","No aplica","No aplica","No aplica","No aplica"
"Habitatges d'ús turístic","HUTL-000619","10","Cal Cardina","Alta","Carrer","Disseminat Afores","98",,,,,"25721","Bellver de Cerdanya","250518","Cerdanya","15","Lleida",,,,,"Sense categoritzar","Allotjament sencer",,,"Lleida","Pirineus","No aplica","No aplica","No aplica","No aplica","No aplica"
"Habitatges d'ús turístic","HUTG-011036","34","Sense especificar","Alta","Plaça","Catalunya","19","2","1",,,"17480","Roses","171523","Alt Empordà","02","Girona",,,,,"Sense categoritzar","Allotjament sencer",,,"Girona","Costa Brava","B17643628","ANGLO 111 S.L.","No aplica","No aplica","No aplica"
"Habitatges d'ús turístic","HUTTE-000013","91","Sense especificar","Alta","Carrer","Morell","18",,"1",,,"43580","Deltebre","439018","Baix Ebre","09","Tarragona",,,,,"Sense categoritzar","Allotjament sencer","6",,"Terres de l'Ebre","Terres de L'Ebre","No aplica","No aplica","No aplica","No aplica","No aplica"
"Habitatges d'ús turístic","HUTT-004249","41","Sense especificar","Alta","Carrer","de Bilbao","2","4","B",,,"43840","Salou","439057","Tarragonès","36","Tarragona","4284701CF4448E0025QX","CHT00481413001",,,"Sense categoritzar","Allotjament sencer",,,"Tarragona","Costa Daurada","No aplica","No aplica","No aplica","No aplica","No aplica"
"Habitatges d'ús turístic","HUTG-044344","48","Sense especificar","Alta","Avinguda","Roca Grossa","157","Baix","1",,,"17310","Lloret de Mar","170950","Selva","34","Girona",,,,,"Sense categoritzar","Allotjament sencer",,,"Girona","Costa Brava","B38845467","SALICHS RESTAURA, SL","No aplica","No aplica","No aplica"
"Habitatges d'ús turístic","HUTT-004062","95","Sense especificar","Alta","Carretera","Autovia Tarragona","2","4","3","1",,"43840","Salou","439057","Tarragonès","36","Tarragona","4390301CF4449A0036MA","CHT00785813003",,,"Sense categoritzar","Allotjament sencer",,,"Tarragona","Costa Daurada","B43005370","GRUP JUBUS SOCIEDAD LIMITADA","No aplica","No aplica","No aplica"
"Habitatges d'ús turístic","HUTG-034948","58","Sense especificar","Alta","Urbanització","Puig Sa Guilla-Canigó","s/n","Àtic","2",,"F","17256","Pals","171241","Baix Empordà","10","Girona",,,,,"Sense categoritzar","Allotjament sencer",,,"Girona","Costa Brava","No aplica","No aplica","No aplica","No aplica","No aplica"
"Habitatges d'ús turístic","HUTG-026276","78","Sense especificar","Alta","Plaça","Joc de la Pilota","4","1",,,,"17486","Castelló d'Empúries","170470","Alt Empordà","02","Girona",,,,,"Sense categoritzar","Allotjament sencer",,,"Girona","Costa Brava","No aplica","No aplica","No aplica","No aplica","No aplica"
"Habitatges d'ús turístic","HUTG-004456","36","Sense especificar","Alta","Carretera","Sant Feliu-Sant Pol","434",,"13",,,"17220","Sant Feliu de Guíxols","171609","Baix Empordà","10","Girona",,,,,"Sense categoritzar","Allotjament sencer",,,"Girona","Costa Brava","No aplica","No aplica","No aplica","No aplica","No aplica"
"Habitatges d'ús turístic","HUTB-046648","81","Sense especificar","Alta","Avinguda","Marquès de Montroig","209","3","1","A",,"08918","Badalona","080155","Barcelonès","13","Barcelona",,,,,"Sense categoritzar","Allotjament sencer",,,"Barcelona","Barcelona","B66958463","Inversiones Montroig 209, S.L.","No aplica","No aplica","No aplica"
"Habitatges d'ús turístic","HUTG-069528","38","CINQUE MINUTI","Alta","Carrer","de Josep Tarradellas","26","1","C",,,"17300","Blanes","170237","Selva","34","Girona",,,,,"Sense categoritzar","Allotjament sencer","4",,"Girona","Costa Brava","No aplica","No aplica","No aplica","No aplica","No aplica"
"Habitatges d'ús turístic","HUTG-064532","87","Sense especificar","Alta","Carrer","COLOM","31-59","1","6","1",,"17220","Sant Feliu de Guíxols","171609","Baix Empordà","10","Girona",,,,,"Sense categoritzar","Allotjament sencer","4",,"Girona","Costa Brava","No aplica","No aplica","No aplica","No aplica","No aplica"
"Habitatges d'ús turístic","HUTB-013571","78","Sense especificar","Alta","Avinguda","Països Catalans","33","2","5","A",,"08380","Malgrat de Mar","081108","Maresme","21","Barcelona","7800803DG7170S0049II","CHB01058615001",,,"Sense categoritzar","Allotjament sencer","8","4","Barcelona","Costa Barcelona","No aplica","No aplica","No aplica","No aplica","No aplica"
"Habitatges d'ús turístic","HUTTE-001457","64","Sense especificar","Alta","Urbanització","Sant Jordi Bosc-Av Museu","254",,,,,"43860","Ametlla de Mar, l'","430136","Baix Ebre","09","Tarragona",,,,,"Sense categoritzar","Allotjament sencer","26",,"Terres de l'Ebre","Terres de L'Ebre","No aplica","No aplica","No aplica","No aplica","No aplica"
"Habitatges d'ús turístic","HUTB-006625","54","Sense especificar","Alta","Carrer","Arago","34","1","2",,,"08015","Barcelona","080193","Barcelonès","13","Barcelona",,,,,"Sense categoritzar","Allotjament sencer",,,"Barcelona","Barcelona","No aplica","No aplica","No aplica","No aplica","No aplica"
"Habitatges d'ús turístic","HUTB-016374","59","Sense especificar","Alta","Carrer","Europa","8","1","2",,,"08870","Sitges","082704","Garraf","17","Barcelona","0060010DF0606S0003MB","CHB05473016001",,,"Sense categoritzar","Allotjament sencer","5","2","Barcelona","Costa Barcelona","No aplica","No aplica","No aplica","No aplica","No aplica"
"Habitatges d'ús turístic","HUTB-063451","48","Sense especificar","Alta","Carrer","d' Arenys","16",,,,,"08490","Tordera","082845","Maresme","21","Barcelona",,,,,"Sense categoritzar","Allotjament sencer","4",,"Barcelona","Costa Barcelona","No aplica","No aplica","No aplica","No aplica","No aplica"
"Habitatges d'ús turístic","HUTT-010598","42","Sense especificar","Alta","Carrer","Acacies","5","3","3","A","Geminis","43891","Vandellòs i l'Hospitalet de l'Infant","431628","Baix Camp","08","Tarragona",,,,,"Sense categoritzar","Allotjament sencer",,,"Tarragona","Costa Daurada","No aplica","No aplica","No aplica","No aplica","No aplica"
"Habitatges d'ús turístic","HUTB-070326","75","Sense especificar","Alta","Carrer","de Sant Antoni (Núm. 157-261)","157","2","1",,,"08370","Calella","080351","Maresme","21","Barcelona",,,,,"Sense categoritzar","Allotjament sencer","5",,"Barcelona","Costa Barcelona","B66225889","Loshka Gestió, S.L.","No aplica","No aplica","No aplica"
"Habitatges d'ús turístic","HUTVA-000300","94","Sense especificar","Alta","Carrer","Perimetrau","s/n","2","B","1","C6","25599","Naut Aran","250254","Aran","39","Lleida",,,,,"Sense categoritzar","Allotjament sencer",,,"Vall d'Aran","Val D'Aran","No aplica","No aplica","No aplica","No aplica","No aplica"
"Habitatges d'ús turístic","HUTT-043563","3","Sense especificar","Alta","Plaça","de la Font","2","3","1",,,"43003","Tarragona","431482","Tarragonès","36","Tarragona",,,,,"Sense categoritzar","Allotjament sencer",,,"Tarragona","Costa Daurada","B59114678","PAIRALINVER SL","No aplica","No aplica","No aplica"
"Habitatges d'ús turístic","HUTG-042580","71","Sense especificar","Alta","Carrer","Quers","12",,"E",,,"17488","Cadaqués","170329","Alt Empordà","02","Girona",,,,,"Sense categoritzar","Allotjament sencer",,,"Girona","Costa Brava","B62046057","VILAFANT FUTUR SL","No aplica","No aplica","No aplica"
"Habitatges d'ús turístic","HUTT-006004","0","Sense especificar","Alta","Carrer","Punta del Cavall","29","2","8","7",,"43840","Salou","439057","Tarragonès","36","Tarragona",,,,,"Sense categoritzar","Allotjament sencer",,,"Tarragona","Costa Daurada","No aplica","No aplica","No aplica","No aplica","No aplica"
"Habitatges d'ús turístic","HUTB-009062","89","Sense especificar","Alta","Carrer","Castillejos","301","3","3",,,"08025","Barcelona","080193","Barcelonès","13","Barcelona",,,,,"Sense categoritzar","Allotjament sencer",,,"Barcelona","Barcelona","No aplica","No aplica","No aplica","No aplica","No aplica"
"Habitatges d'ús turístic","HUTG-029736","16","Sense especificar","Alta","Passeig","Carmen Amaya","7",,,,,"17255","Begur","170139","Baix Empordà","10","Girona",,,,,"Sense categoritzar","Allotjament sencer",,,"Girona","Costa Brava","No aplica","No aplica","No aplica","No aplica","No aplica"
"Habitatges d'ús turístic","HUTG-029255","6","Sense especificar","Alta","Carrer","Tarull","24 B","1",,,,"17320","Tossa de Mar","172023","Selva","34","Girona",,,,,"Sense categoritzar","Allotjament sencer",,,"Girona","Costa Brava","No aplica","No aplica","No aplica","No aplica","No aplica"
"Habitatges d'ús turístic","HUTT-005928","80","Sense especificar","Alta","Carrer","Santiago Rusiñol","11","Baix","3",,,"43880","Vendrell, el","431634","Baix Penedès","12","Tarragona",,,,,"Sense categoritzar","Allotjament sencer",,,"Tarragona","Costa Daurada","B43241223","EXPLOTACIONES INMOBILIARIES COSTA DAURADA, SL","No aplica","No aplica","No aplica"
"Habitatges d'ús turístic","HUTG-057007","95","Sense especificar","Alta","Carrer","Aiguafina (PARC. 5B)","83",,,,,"17240","Llagostera","170890","Gironès","20","Girona",,,,,"Sense categoritzar","Allotjament sencer",,,"Girona","Costa Brava","No aplica","No aplica","No aplica","No aplica","No aplica"
"Habitatges d'ús turístic","HUTG-076630","45","CASA","Alta","Carrer","de Sant Sebastià","62",,,,,"17852","Serinyà","171903","Pla de l'Estany","28","Girona","9182408DG7698S0001TE","CHG00849817001",,,"Sense categoritzar","Allotjament sencer","11",,"Girona","Costa Brava","No aplica","No aplica","No aplica","No aplica","No aplica"
"Habitatges d'ús turístic","HUTG-009359","9","Sense especificar","Alta","Disseminat","Rapinya","10","2","4",,,"17210","Palafrugell","171175","Baix Empordà","10","Girona",,,,,"Sense categoritzar","Allotjament sencer",,,"Girona","Costa Brava","No aplica","No aplica","No aplica","No aplica","No aplica"
"Habitatges d'ús turístic","HUTL-072189","40","Sense especificar","Alta","Carrer","de Baix","26","2","1",,,"25580","Esterri d'Àneu","250864","Pallars Sobirà","26","Lleida",,,,,"Sense categoritzar","Allotjament sencer","8",,"Lleida","Pirineus","B08391104","INMOBILIARIA VALL D¿ANEU S.L","No aplica","No aplica","No aplica"
"Habitatges d'ús turístic","HUTB-000966","59","Sense especificar","Alta","Carrer","Laforja","128","3","2",,,"08021","Barcelona","080193","Barcelonès","13","Barcelona",,,,,"Sense categoritzar","Allotjament sencer",,,"Barcelona","Barcelona","B08805004","APARTAMENTS LAFORJA, SL","No aplica","No aplica","No aplica"
"Habitatges d'ús turístic","HUTT-043465","42","Sense especificar","Alta","Carrer","Tarragona","7-9","3","1","A",,"43830","Torredembarra","431536","Tarragonès","36","Tarragona",,,,,"Sense categoritzar","Allotjament sencer",,,"Tarragona","Costa Daurada","No aplica","No aplica","No aplica","No aplica","No aplica"
"Habitatges d'ús turístic","HUTT-064776","19","Sense especificar","Alta","Carrer","del Penedès","12","2","4","B",,"43840","Salou","439057","Tarragonès","36","Tarragona",,,,,"Sense categoritzar","Allotjament sencer","2",,"Tarragona","Costa Daurada","No aplica","No aplica","No aplica","No aplica","No aplica"
"Habitatges d'ús turístic","HUTB-017128","91","Sense especificar","Alta","Plaça","Europa","1","4","B",,,"08908","Hospitalet de Llobregat, l'","081017","Barcelonès","13","Barcelona",,,,,"Sense categoritzar","Allotjament sencer",,,"Barcelona","Barcelona","No aplica","No aplica","No aplica","No aplica","No aplica"
"Habitatges d'ús turístic","HUTT-043979","0","Sense especificar","Alta","Carrer","JOSEP CLARÀ","2-8","2","2","1",,"43880","Vendrell, el","431634","Baix Penedès","12","Tarragona",,,,,"Sense categoritzar","Allotjament sencer",,,"Tarragona","Costa Daurada","No aplica","No aplica","No aplica","No aplica","No aplica"
"Habitatges d'ús turístic","HUTL-000311","20","Sense especificar","Alta","Carrer","Nuno Sanç","21","2","3",,,"25720","Bellver de Cerdanya","250518","Cerdanya","15","Lleida",,"CHL0223608009",,,"Sense categoritzar","Allotjament sencer",,,"Lleida","Pirineus","B25458464","BIAYNA SERVEIS TURISTICS S.L.","No aplica","No aplica","No aplica"
"Habitatges d'ús turístic","HUTTE-000684","40","Sense especificar","Alta","Carrer","Juan d'Almenara","643",,,,,"43860","Ametlla de Mar, l'","430136","Baix Ebre","09","Tarragona",,,,,"Sense categoritzar","Allotjament sencer",,,"Terres de l'Ebre","Terres de L'Ebre","No aplica","No aplica","No aplica","No aplica","No aplica"
"Habitatges d'ús turístic","HUTG-011637","93","Sense especificar","Alta","Carrer","Frankfurt","9",,,,,"17251","Calonge i Sant Antoni","170340","Baix Empordà","10","Girona",,,,,"Sense categoritzar","Allotjament sencer",,,"Girona","Costa Brava","No aplica","No aplica","No aplica","No aplica","No aplica"
"Habitatges d'ús turístic","HUTTE-003429","48","Sense especificar","Alta","Carrer","Comerç","23","2","A",,,"43580","Deltebre","439018","Baix Ebre","09","Tarragona",,,,,"Sense categoritzar","Allotjament sencer",,,"Terres de l'Ebre","Terres de L'Ebre","No aplica","No aplica","No aplica","No aplica","No aplica"
"Habitatges d'ús turístic","HUTT-012538","73","Sense especificar","Alta","Passeig","Boca de la Mina","21",,,,,"43206","Reus","431233","Baix Camp","08","Tarragona",,"NC",,,"Sense categoritzar","Allotjament sencer",,,"Tarragona","Costa Daurada","No aplica","No aplica","No aplica","No aplica","No aplica"
"Habitatges d'ús turístic","HUTG-022830","13","Sense especificar","Alta","Carrer","Jordi Verrié i Faget","28",,,,,"17246","Santa Cristina d'Aro","171812","Baix Empordà","10","Girona",,,,,"Sense categoritzar","Allotjament sencer",,,"Girona","Costa Brava","No aplica","No aplica","No aplica","No aplica","No aplica"
"Habitatges d'ús turístic","HUTB-016658","10","Sense especificar","Alta","Carrer","Germans Maristes","14","1","2",,,"08870","Sitges","082704","Garraf","17","Barcelona",,,,,"Sense categoritzar","Allotjament sencer",,,"Barcelona","Costa Barcelona","E65022071","ANCIN CB","No aplica","No aplica","No aplica"
"Habitatges d'ús turístic","HUTG-015738","34","Sense especificar","Alta","Passatge","Josep Maria Sert","7","2","5",,,"17310","Lloret de Mar","170950","Selva","34","Girona",,,,,"Sense categoritzar","Allotjament sencer",,,"Girona","Costa Brava","No aplica","No aplica","No aplica","No aplica","No aplica"
"Habitatges d'ús turístic","HUTG-046286","32","Sense especificar","Alta","Carrer","Joan Timoneda","52BIS",,"10",,,"17480","Roses","171523","Alt Empordà","02","Girona",,,,,"Sense categoritzar","Allotjament sencer",,,"Girona","Costa Brava","No aplica","No aplica","No aplica","No aplica","No aplica"
"Habitatges d'ús turístic","HUTB-068884","7","Matarolux24","Alta","Carrer","de Cosme Churruca","10",,,,,"08301","Mataró","081213","Maresme","21","Barcelona",,,,,"Sense categoritzar","Allotjament sencer","7",,"Barcelona","Costa Barcelona","No aplica","No aplica","No aplica","No aplica","No aplica"
"Habitatges d'ús turístic","HUTG-052517","60","Sense especificar","Alta","Avinguda","Catalunya","20","2","8",,,"17252","Calonge i Sant Antoni","170340","Baix Empordà","10","Girona",,,,,"Sense categoritzar","Allotjament sencer",,,"Girona","Costa Brava","No aplica","No aplica","No aplica","No aplica","No aplica"
"Càmpings","KCC-000181","45","\\\""El Pedra\\\""","Alta","Carretera","B-400 km 13,5","s/n",,,,,"08697","Saldes","081901","Berguedà","14","Barcelona",,"No aplica",,,"3 estrelles","Unitats d'acampada","198","66","Catalunya Central","Pirineus","B60434511","Camping Pedraforca S.L.","No aplica","No aplica","No aplica"
"Habitatges d'ús turístic","HUTT-065663","40","Sense especificar","Alta","Carrer","de Saragossa","15","2","8","2",,"43840","Salou","439057","Tarragonès","36","Tarragona",,,,,"Sense categoritzar","Allotjament sencer","4",,"Tarragona","Costa Daurada","No aplica","No aplica","No aplica","No aplica","No aplica"
"Habitatges d'ús turístic","HUTT-064269","32","Sense especificar","Alta","Carrer","dels Roures","14",,,,,"43761","Pobla de Montornès, la","431114","Tarragonès","36","Tarragona",,,,,"Sense categoritzar","Allotjament sencer","3",,"Tarragona","Costa Daurada","No aplica","No aplica","No aplica","No aplica","No aplica"
"Habitatges d'ús turístic","HUTG-011126","70","Sense especificar","Alta","Carrer","Canyers","6",,,,,"17252","Calonge i Sant Antoni","170340","Baix Empordà","10","Girona",,,,,"Sense categoritzar","Allotjament sencer",,,"Girona","Costa Brava","No aplica","No aplica","No aplica","No aplica","No aplica"
"Habitatges d'ús turístic","HUTG-066742","73","Sense especificar","Alta","Carrer","PERILL","2","5","1","1",,"17230","Palamós","171181","Baix Empordà","10","Girona",,,,,"Sense categoritzar","Allotjament sencer","4",,"Girona","Costa Brava","No aplica","No aplica","No aplica","No aplica","No aplica"
"Habitatges d'ús turístic","HUTTE-002415","73","Sense especificar","Alta","Camí","Salva Aigües","96",,,,,"43897","Tortosa","431554","Baix Ebre","09","Tarragona",,,,,"Sense categoritzar","Allotjament sencer",,,"Terres de l'Ebre","Terres de L'Ebre","No aplica","No aplica","No aplica","No aplica","No aplica"
"Habitatges d'ús turístic","HUTB-079678","28","Sense especificar","Alta","Carrer","Narcís Monturiol","62","3","3",,,"08370","Calella","080351","Maresme","21","Barcelona","2176416DG7027N0012ZB","CHB02507125011",,,"Sense categoritzar","Allotjament sencer","4",,"Barcelona","Costa Barcelona","B67325142","VAZQUEZ TARRES INVERSIONS, S.L.","No aplica","No aplica","No aplica"
"Habitatges d'ús turístic","HUTG-068880","25","Sense especificar","Alta","Carrer","del Ponent","7","Baix",,,,"17820","Banyoles","170157","Pla de l'Estany","28","Girona",,,,,"Sense categoritzar","Allotjament sencer","8",,"Girona","Costa Brava","B17954389","La Torre Fenent SL","No aplica","No aplica","No aplica"
"Habitatges d'ús turístic","HUTB-015905","59","Sense especificar","Alta","Carrer","Joan Miró","89",,,,,"08320","Masnou, el","081189","Maresme","21","Barcelona","3829022DF4932N0001TJ","CHB04902316001",,,"Sense categoritzar","Allotjament sencer","7","4","Barcelona","Costa Barcelona","No aplica","No aplica","No aplica","No aplica","No aplica"
"Habitatges d'ús turístic","HUTT-010290","48","Sense especificar","Alta","Carrer","Barcelona","4","1","2",,,"43004","Tarragona","431482","Tarragonès","36","Tarragona",,,,,"Sense categoritzar","Allotjament sencer",,,"Tarragona","Costa Daurada","B43622463","ARQUIPOLIS 4, S.L.","No aplica","No aplica","No aplica"
"Habitatges d'ús turístic","HUTG-016488","31","Sense especificar","Alta","Carrer","Torre Mora","2","1","2","D","Sa Guilla","17256","Pals","171241","Baix Empordà","10","Girona",,,,,"Sense categoritzar","Allotjament sencer",,,"Girona","Costa Brava","A17095191","RENDAPALS, SA","No aplica","No aplica","No aplica"
"Turisme rural","PCC-000386","75","CAL PASTOR 1","Alta","Xalet","CAL PASTOR","s/n",,,,,"25283","Odèn","251484","Solsonès","35","Lleida",,"No aplica","Allotjaments rurals","Masoveria","Sense categoritzar","Allotjament sencer","7","4","Catalunya Central","Pirineus","No aplica","No aplica","Claustre","Serra","Ribera"
"Habitatges d'ús turístic","HUTT-012249","29","Sense especificar","Alta","Carrer","Cristofor Colom","22","1","1",,,"43003","Tarragona","431482","Tarragonès","36","Tarragona",,"CHT0102512001",,,"Sense categoritzar","Allotjament sencer","6",,"Tarragona","Costa Daurada","A43586825","TARRAGONA SUITES - CANARIAS FOMEXTUR, S.A.","No aplica","No aplica","No aplica"
"Habitatges d'ús turístic","HUTG-068878","56","Sense especificar","Alta","Passatge","Verdaguer","5","3","1",,,"17820","Banyoles","170157","Pla de l'Estany","28","Girona",,,,,"Sense categoritzar","Allotjament sencer","5",,"Girona","Costa Brava","No aplica","No aplica","No aplica","No aplica","No aplica"
"Habitatges d'ús turístic","HUTT-007890","50","Sense especificar","Alta","Plaça","Europa","11",,"113",,,"43840","Salou","439057","Tarragonès","36","Tarragona",,,,,"Sense categoritzar","Allotjament sencer",,,"Tarragona","Costa Daurada","No aplica","No aplica","No aplica","No aplica","No aplica"
"Habitatges d'ús turístic","HUTG-001396","6","Sense especificar","Alta","Carrer","del Pintor Enric Serra","53","1","5",,,"17130","Escala, l'","170622","Alt Empordà","02","Girona","1037916EG1613N0010FO","CHG00321222001",,,"Sense categoritzar","Allotjament sencer",,,"Girona","Costa Brava","No aplica","No aplica","No aplica","No aplica","No aplica"
"Habitatges d'ús turístic","HUTB-063432","33","Sense especificar","Alta","Urbanització","de la Selva Maravillas","283",,,,,"08811","Canyelles","080431","Garraf","17","Barcelona",,,,,"Sense categoritzar","Allotjament sencer","6",,"Barcelona","Costa Barcelona","No aplica","No aplica","No aplica","No aplica","No aplica"
"Habitatges d'ús turístic","HUTG-028117","37","Sense especificar","Alta","Carrer","Sant Ferriol","18","2","A",,,"17800","Olot","171143","Garrotxa","19","Girona",,,,,"Sense categoritzar","Allotjament sencer",,,"Girona","Pirineus","No aplica","No aplica","No aplica","No aplica","No aplica"
"Habitatges d'ús turístic","HUTTE-002501","74","Sense especificar","Alta","Carrer","Columbretes","s/n","2",,"C",,"43569","Alcanar","430043","Montsià","22","Tarragona",,,,,"Sense categoritzar","Allotjament sencer",,,"Terres de l'Ebre","Terres de L'Ebre","No aplica","No aplica","No aplica","No aplica","No aplica"
"Habitatges d'ús turístic","HUTB-071824","63","HomeHolidaysRentals Villa Roure","Alta","Carrer","ROURE, URBANITZACIO COLLSACREU PARC 217","217",,,,,"08471","Vallgorguina","082943","Vallès Oriental","41","Barcelona",,,,,"Sense categoritzar","Allotjament sencer","6",,"Barcelona","Costa Barcelona","No aplica","No aplica","No aplica","No aplica","No aplica"
"Habitatges d'ús turístic","HUTL-000690","50","Sense especificar","Alta","Plaça","Salineres","1","1","1",,,"25528","Vall de Boí, la","250432","Alta Ribagorça","05","Lleida","3598701CH2039N0025LP","CHL00335513001",,,"Sense categoritzar","Allotjament sencer",,,"Lleida","Pirineus","No aplica","No aplica","No aplica","No aplica","No aplica"
"Habitatges d'ús turístic","HUTTE-056848","79","Sense especificar","Alta","Carrer","Àngel","15","2",,,,"43540","Ràpita, la","431362","Montsià","22","Tarragona",,,,,"Sense categoritzar","Allotjament sencer",,,"Terres de l'Ebre","Terres de L'Ebre","No aplica","No aplica","No aplica","No aplica","No aplica"
"Habitatges d'ús turístic","HUTG-077401","58","Dalia 22","Alta","Carrer","Camelia","27",,,,,"17411","Vidreres","172137","Selva","34","Girona","4029106DG8242N0001LE","CHG00506824",,,"Sense categoritzar","Allotjament sencer","6",,"Girona","Costa Brava","No aplica","No aplica","No aplica","No aplica","No aplica"
"Apartaments Turístics","ATB-000233","82","ROSA DE ABRIL","Alta","Carrer","de la Camèlia","19",,,,,"08329","Teià","082819","Maresme","21","Barcelona",,"No aplica",,,"Sense categoritzar","Apartaments","30","11","Barcelona","Costa Barcelona","B67111856","ABEL ABRIL, SL","No aplica","No aplica","No aplica"
"Habitatges d'ús turístic","HUTT-006407","4","Sense especificar","Alta","Carrer","Vendrell","18",,"20","1",,"43840","Salou","439057","Tarragonès","36","Tarragona",,,,,"Sense categoritzar","Allotjament sencer",,,"Tarragona","Costa Daurada","No aplica","No aplica","No aplica","No aplica","No aplica"
"Habitatges d'ús turístic","HUTG-020445","89","Sense especificar","Alta","Carretera","Selva de Mar","s/n",,,,,"17489","Port de la Selva, el","171404","Alt Empordà","02","Girona",,,,,"Sense categoritzar","Allotjament sencer",,,"Girona","Costa Brava","No aplica","No aplica","No aplica","No aplica","No aplica"
"Habitatges d'ús turístic","HUTG-062935","75","Sense especificar","Alta","Carrer","Les Gavarres","113",,,,,"17257","Torroella de Montgrí","171997","Baix Empordà","10","Girona",,,,,"Sense categoritzar","Allotjament sencer","8",,"Girona","Costa Brava","No aplica","No aplica","No aplica","No aplica","No aplica"
"Habitatges d'ús turístic","HUTB-002267","13","Sense especificar","Alta","Ronda","SANT PERE","3","5","6",,,"08010","Barcelona","080193","Barcelonès","13","Barcelona","0","NC",,,"Sense categoritzar","Allotjament sencer",,,"Barcelona","Barcelona","A58754383","APROMER, SA","No aplica","No aplica","No aplica"
"Habitatges d'ús turístic","HUTB-016707","87","Sense especificar","Alta","Urbanització","Sant Pol Residencial","s/n","Baix","2","B","4","08395","Sant Pol de Mar","082359","Maresme","21","Barcelona",,,,,"Sense categoritzar","Allotjament sencer",,,"Barcelona","Costa Barcelona","No aplica","No aplica","No aplica","No aplica","No aplica"
"Habitatges d'ús turístic","HUTG-026425","40","Sense especificar","Alta","Carrer","Chopitea","39",,"2",,,"17210","Palafrugell","171175","Baix Empordà","10","Girona",,,,,"Sense categoritzar","Allotjament sencer",,,"Girona","Costa Brava","No aplica","No aplica","No aplica","No aplica","No aplica"
"Llars compartides","LLB-001100","22","Estudi","Alta","Avinguda","de la Vall dOr","100",,,,,"08197","Sant Cugat del Vallès","082055","Vallès Occidental","40","Barcelona","0299818DF2809G0001YO","0O5XZ0MFVI0CLRLDPDBUWA6JS7QXOCW8",,,"Sense categoritzar","Habitació","3","1","Barcelona","Costa Barcelona","No aplica","No aplica","No aplica","No aplica","No aplica"
"Hotels","HB-003911","57","Esplugues","Alta","Carrer","Ignasi Iglesias","83",,,,,"08950","Esplugues de Llobregat","080771","Baix Llobregat","11","Barcelona",,"No aplica","Hotel","Hotel","2 estrelles","Habitació","78","43","Barcelona","Costa Barcelona","A59837369","HOTEL ESPLUGUES, SA","No aplica","No aplica","No aplica"
"Habitatges d'ús turístic","HUTG-017899","32","Sense especificar","Alta","Carrer","Vinyals, 14","14",,,,,"17529","Puigcerdà","171411","Cerdanya","15","Girona",,,,,"Sense categoritzar","Allotjament sencer",,,"Lleida","Pirineus","No aplica","No aplica","No aplica","No aplica","No aplica"
"Habitatges d'ús turístic","HUTG-007508","4","Sense especificar","Alta","Carrer","Golf","169-171","Baix","1","D-A","Medes Golf","17256","Pals","171241","Baix Empordà","10","Girona",,,,,"Sense categoritzar","Allotjament sencer",,,"Girona","Costa Brava","No aplica","No aplica","No aplica","No aplica","No aplica"
